Domain,Status,Attractiveness,Demand,Length,Sectors,Created,Expires,Registrar
brief.casino,available,124,19%,5,"Business,Education,General,Law",,,
second.casino,resell,120,23%,6,"General,Mathematics",29/06/2025 17:00,29/06/2026 17:00,Dynadot Inc
complete.casino,available,120,21%,8,"Manufacturing,Retail,Technology",,,
flat.casino,available,116,23%,4,"Construction,Real Estate",,,
tenth.casino,available,116,7%,5,Mathematics,,,
equal.casino,available,116,19%,5,"Education,General,Law",,,
tonic.casino,available,114,22%,5,"Health and Fitness,Medicine,Science",,,
above.casino,available,112,22%,5,Business,,,
hotshot.casino,available,112,14%,7,"Business,Entertainment,Sports",,,
acute.casino,available,112,9%,5,"Mathematics,Medicine,Science",,,
zero.casino,resell,112,49%,4,Mathematics,10/08/2022 08:19,10/08/2026 08:19,Dynadot Inc
abiding.casino,available,106,5%,7,"General,Religion",,,
teen.casino,available,104,14%,4,"Education,Entertainment,Healthcare",,,
active.casino,available,104,27%,6,"Health and Fitness,Sports,Travel",,,
captive.casino,available,102,14%,7,"Entertainment,Hospitality,Technology",,,
absent.casino,available,102,8%,6,"Business,Education,Technology",,,
whiz.casino,available,100,12%,4,"Business,Education,Technology",,,
adjunct.casino,available,100,5%,7,Education,,,
eighth.casino,available,100,6%,6,Mathematics,,,
sixth.casino,available,100,8%,5,Mathematics,,,
third.casino,expired,100,15%,5,Mathematics,19/06/2024 09:15,19/06/2025 09:15,"NameSilo, LLC"
ninth.casino,available,100,9%,5,Mathematics,,,
abrupt.casino,available,100,3%,6,"Medicine,Science",,,
remove.casino,available,100,13%,6,"Construction,Manufacturing,Technology",,,
whizz.casino,available,98,11%,5,"Business,Education,Technology",,,
genius.casino,resell,98,46%,6,"Arts,Education,Technology",30/09/2024 17:00,30/09/2025 17:00,"Sav.com, LLC - 47"
actual.casino,available,96,22%,6,"Real Estate,Retail,Technology",,,
academic.casino,available,96,20%,8,"Education,Humanities,Science",,,
alamode.casino,available,96,12%,9,Fashion,,,
forgiving.casino,available,96,3%,9,"Healthcare,Religion",,,
doable.casino,available,96,9%,6,"Business,Education,Technology",,,
around.casino,available,94,22%,6,"Business,General,Media,Technology",,,
virtuoso.casino,available,94,16%,8,"Arts,Entertainment",,,
adequate.casino,available,94,9%,8,"Education,Healthcare,Technology",,,
abject.casino,available,94,7%,6,Humanities,,,
exemplary.casino,available,92,5%,9,"Business,Education,Healthcare",,,
twentieth.casino,available,92,3%,9,Mathematics,,,
derelict.casino,available,92,7%,8,"Construction,Real Estate",,,
adjective.casino,available,92,5%,9,Education,,,
abroad.casino,available,92,12%,6,"Hospitality,Travel",,,
nought.casino,available,92,4%,6,Mathematics,,,
next.casino,available,92,43%,4,"Retail,Technology,Transportation",,,
adept.casino,available,92,24%,5,"Education,Health and Fitness,Sports",,,
neutral.casino,available,92,20%,7,"Business,Media,Politics",,,
riveting.casino,available,90,6%,8,"Entertainment,Media,Technology",,,
gripping.casino,available,90,3%,8,"Entertainment,Media,Technology",,,
adoring.casino,available,90,2%,7,"Entertainment,Fashion,Retail",,,
leash.casino,available,90,7%,5,"General,Health and Fitness,Retail",,,
endearing.casino,available,90,1%,9,"Entertainment,Fashion,Retail",,,
clear.casino,resell,90,47%,5,"Manufacturing,Retail,Technology",29/12/2024 22:35,29/12/2025 22:35,"Spaceship, Inc."
abortive.casino,available,90,1%,8,"Medicine,Science",,,
addictive.casino,available,90,9%,9,Healthcare,,,
additional.casino,available,90,8%,10,"Fashion,Retail,Technology",,,
actionable.casino,available,88,13%,10,"Business,Law",,,
adlib.casino,available,88,7%,6,Entertainment,,,
three.casino,sold,88,23%,5,Mathematics,04/09/2024 17:00,04/09/2026 17:00,Domain Science Kutatási Szolgáltató Korlátolt Felelősségű Társaság
wide.casino,available,88,18%,4,"Business,Media,Technology",,,
activist.casino,available,88,12%,8,"Humanities,Politics",,,
twelve.casino,available,88,18%,6,"General,Mathematics",,,
proficient.casino,available,88,8%,10,"Education,Health and Fitness,Sports",,,
sixteen.casino,available,88,10%,7,Mathematics,,,
fifteen.casino,available,88,13%,7,Mathematics,,,
ten.casino,resell,88,27%,3,"General,Mathematics",13/06/2025 15:15,13/06/2026 15:15,"Sav.com, LLC - 3"
engrossing.casino,available,86,0%,10,"Entertainment,Media,Technology",,,
attendant.casino,available,86,5%,9,"Healthcare,Hospitality,Transportation",,,
xix.casino,available,86,10%,3,Mathematics,,,
cipher.casino,expired,86,29%,6,Mathematics,10/07/2024 04:49,10/07/2025 04:49,"Sav.com, LLC"
adolescent.casino,available,86,3%,10,"Education,Entertainment,Healthcare",,,
intent.casino,available,86,25%,6,"Business,Education,Technology",,,
xiv.casino,available,86,12%,3,Mathematics,,,
recondite.casino,available,86,4%,9,"Arts,Humanities,Science",,,
extempore.casino,available,86,3%,9,Entertainment,,,
aboriginal.casino,available,86,10%,10,Humanities,,,
sharp.casino,available,84,34%,5,"Arts,Fashion",,,
twentytwo.casino,available,84,10%,10,Mathematics,,,
seventeen.casino,available,84,7%,9,Mathematics,,,
acting.casino,available,84,12%,6,Entertainment,,,
nineteen.casino,available,84,8%,8,Mathematics,,,
accessory.casino,available,84,8%,9,"Fashion,Retail,Technology",,,
deviate.casino,available,84,12%,7,"Medicine,Science",,,
thirteen.casino,available,84,10%,8,Mathematics,,,
thousand.casino,available,84,8%,8,Mathematics,,,
fourteen.casino,available,84,8%,8,Mathematics,,,
adjustable.casino,available,84,3%,10,"Manufacturing,Retail,Technology",,,
twentyone.casino,available,84,13%,10,Mathematics,,,
dozen.casino,available,82,10%,5,Mathematics,,,
abkhaz.casino,available,82,1%,6,Geography,,,
abenaki.casino,available,82,2%,7,Geography,,,
abroach.casino,available,82,1%,7,Food and Beverage,,,
good.casino,expiring,82,47%,4,"Food and Beverage,General,Health and Fitness,Retail",11/09/2023 15:15,11/09/2025 15:15,"GoDaddy.com, LLC"
decade.casino,available,82,10%,6,Mathematics,,,
cleansing.casino,available,82,3%,9,Health and Fitness,,,
impromptu.casino,available,82,16%,9,Entertainment,,,
enduring.casino,available,82,9%,8,"Health and Fitness,Religion",,,
abdominal.casino,available,82,1%,9,"Health and Fitness,Medicine",,,
fivesome.casino,available,82,1%,8,Sports,,,
altered.casino,available,82,9%,7,"Medicine,Science",,,
absorbent.casino,available,82,3%,9,"Healthcare,Manufacturing,Retail",,,
adoptable.casino,available,80,3%,9,"Education,Healthcare",,,
twenty.casino,available,80,12%,6,Mathematics,,,
nine.casino,resell,80,24%,4,"General,Mathematics",01/01/2024 15:16,01/01/2026 15:16,"Spaceship, Inc."
yard.casino,available,80,25%,4,"Construction,General",,,
two.casino,available,80,23%,3,Mathematics,,,
superstar.casino,available,80,18%,9,Entertainment,,,
sequent.casino,available,80,7%,7,"Healthcare,Insurance,Transportation",,,
worshipful.casino,available,80,1%,10,"Education,Healthcare,Religion",,,
seventh.casino,available,80,10%,7,Mathematics,,,
first.casino,resell,80,34%,5,"General,Mathematics",30/03/2021 08:16,30/03/2026 08:16,"Global Domains International, Inc. DBA DomainCostClub.com"
able.casino,available,80,29%,4,"Business,Education,General,Technology",,,
capable.casino,available,80,12%,7,"Business,Education,Technology",,,
dorsal.casino,available,80,6%,6,"Medicine,Science",,,
forty.casino,available,80,9%,5,Mathematics,,,
absurd.casino,available,80,16%,6,"Arts,Entertainment,Media",,,
absorbable.casino,available,80,0%,10,"Healthcare,Pharmaceuticals,Science",,,
abundant.casino,available,80,19%,8,"Agriculture,Manufacturing,Retail",,,
wiz.casino,available,80,30%,3,"Business,Education,Technology",,,
acceptant.casino,available,78,1%,9,"Education,Healthcare",,,
accidental.casino,available,78,11%,10,"Healthcare,Insurance,Transportation",,,
low.casino,available,78,20%,3,"Business,Finance",,,
twentysix.casino,available,78,8%,10,Mathematics,,,
absorptive.casino,available,78,1%,10,"Healthcare,Manufacturing,Retail",,,
adjacent.casino,available,78,9%,8,"Construction,Real Estate,Retail",,,
sixtynine.casino,available,78,8%,10,Mathematics,,,
abkhazian.casino,available,78,1%,9,Geography,,,
abkhasian.casino,available,78,1%,9,Geography,,,
accessible.casino,available,78,21%,10,"Healthcare,Retail,Technology",,,
accepted.casino,available,78,6%,8,"Business,Education,Technology",,,
accurate.casino,available,78,16%,8,"Engineering,Mathematics,Science",,,
dormant.casino,available,78,4%,7,"Medicine,Science",,,
recognised.casino,available,78,3%,10,"Business,Education,Technology",,,
adorable.casino,available,78,8%,8,"Entertainment,Fashion,Retail",,,
honestly.casino,available,78,9%,8,"Business,Law",,,
recognized.casino,available,78,3%,10,"Business,Education,Technology",,,
adrenal.casino,available,78,4%,7,"Education,Healthcare,Science",,,
athletic.casino,available,78,15%,8,"Health and Fitness,Sports",,,
acceptable.casino,available,78,5%,10,"Business,Hospitality,Retail",,,
abounding.casino,available,78,2%,9,Agriculture,,,
ventral.casino,available,76,3%,7,Science,,,
auxiliary.casino,available,76,7%,9,"Healthcare,Manufacturing,Technology",,,
improvise.casino,available,76,4%,9,Entertainment,,,
adhesive.casino,available,76,7%,8,"Construction,Manufacturing,Technology",,,
firstrate.casino,available,76,6%,10,Business,,,
adaptable.casino,available,76,9%,9,"Business,Education,Technology",,,
adherent.casino,available,76,4%,8,"Politics,Religion",,,
ancillary.casino,available,76,6%,9,"Healthcare,Manufacturing,Technology",,,
adaptive.casino,available,76,28%,8,"Business,Education,Technology",,,
hundredth.casino,available,76,1%,9,Mathematics,,,
adipose.casino,available,76,2%,7,"Healthcare,Science",,,
fifteenth.casino,available,76,2%,9,Mathematics,,,
eighteen.casino,available,76,7%,8,Mathematics,,,
thirteenth.casino,available,76,3%,10,Mathematics,,,
thousandth.casino,available,76,1%,10,Mathematics,,,
acoustic.casino,available,76,14%,8,Science,,,
energizing.casino,available,76,3%,10,"Food and Beverage,Health and Fitness,Travel",,,
abrasive.casino,available,76,6%,8,"Construction,Manufacturing",,,
nineteenth.casino,available,76,3%,10,Mathematics,,,
incidental.casino,available,76,4%,10,"Healthcare,Insurance,Transportation",,,
ague.casino,available,76,2%,4,"Geography,Medicine,Science",,,
fourteenth.casino,available,76,2%,10,Mathematics,,,
resultant.casino,available,76,2%,9,"Healthcare,Insurance,Transportation",,,
diamond.casino,resell,76,32%,7,Fashion,06/11/2020 03:12,06/11/2025 03:12,"NameCheap, Inc."
threed.casino,available,76,7%,7,Technology,,,
addable.casino,available,76,2%,7,"Engineering,Mathematics,Science",,,
obscene.casino,available,76,5%,7,"Entertainment,Media",,,
manageable.casino,available,74,4%,10,"Business,Education,Technology",,,
single.casino,resell,74,19%,6,Sports,26/10/2024 23:20,26/10/2025 23:20,"Spaceship, Inc."
adenoid.casino,available,74,1%,7,"Health and Fitness,Medicine,Science",,,
accepting.casino,available,74,3%,9,"Education,Healthcare",,,
abnormal.casino,available,74,16%,8,"Medicine,Science",,,
adamant.casino,available,74,14%,7,Religion,,,
admirable.casino,available,74,5%,9,"Business,Education,Healthcare",,,
cleared.casino,available,74,7%,7,"Healthcare,Law,Transportation",,,
supra.casino,available,74,25%,5,"Medicine,Science",,,
adrenergic.casino,available,74,1%,10,"Education,Healthcare,Science",,,
playing.casino,available,74,12%,7,Entertainment,,,
aberrant.casino,available,74,6%,8,"Medicine,Science",,,
mavin.casino,available,74,7%,5,"Entertainment,Fashion,Technology",,,
realizable.casino,available,74,1%,10,"Business,Education,Technology",,,
skilful.casino,available,74,3%,7,"Education,Health and Fitness,Sports",,,
activated.casino,available,74,9%,9,"Healthcare,Manufacturing,Technology",,,
adapted.casino,available,74,6%,7,"Healthcare,Manufacturing,Technology",,,
acuate.casino,available,74,2%,6,"Engineering,Medicine,Science",,,
sensation.casino,available,74,7%,9,"Entertainment,Media,Sports",,,
achievable.casino,available,74,4%,10,"Business,Education,Technology",,,
abloom.casino,available,72,5%,6,Agriculture,,,
accustomed.casino,available,72,1%,10,"Business,Education,Humanities",,,
lovely.casino,available,72,26%,6,"Entertainment,Fashion,Retail",,,
adiabatic.casino,available,72,3%,9,"Engineering,Science",,,
engrossed.casino,available,72,1%,9,"Entertainment,Media,Technology",,,
deep.casino,expiring,72,41%,4,"Engineering,Mathematics,Science",04/09/2020 18:19,04/09/2025 18:19,PDR Ltd. d/b/a PublicDomainRegistry.com
absolutist.casino,available,72,1%,10,"Humanities,Law,Politics",,,
aching.casino,available,72,4%,6,Healthcare,,,
adjectival.casino,available,72,1%,10,Education,,,
existent.casino,available,72,3%,8,"Mathematics,Science",,,
eightieth.casino,available,72,1%,9,Mathematics,,,
accusative.casino,available,72,0%,10,"Humanities,Law",,,
abreast.casino,available,72,2%,7,"Business,Technology",,,
improvize.casino,available,72,1%,9,Entertainment,,,
ninetieth.casino,available,72,1%,9,Mathematics,,,
absorbed.casino,available,72,2%,8,"Entertainment,Media,Technology",,,
adonic.casino,available,72,2%,6,"Arts,Education,Entertainment",,,
adaptative.casino,available,72,1%,10,"Business,Education,Technology",,,
adjunctive.casino,available,72,1%,10,"Healthcare,Manufacturing,Technology",,,
trinity.casino,available,72,18%,7,Religion,,,
ternary.casino,available,72,7%,7,Mathematics,,,
sixtieth.casino,available,72,1%,8,Mathematics,,,
ablaze.casino,available,72,6%,6,Entertainment,,,
liv.casino,available,72,28%,3,Mathematics,,,
trey.casino,available,72,13%,4,Sports,,,
seventieth.casino,available,72,1%,10,Mathematics,,,
acuminate.casino,available,70,1%,9,"Engineering,Medicine,Science",,,
lowdown.casino,available,70,6%,8,"Entertainment,Media",,,
skillful.casino,available,70,9%,8,"Education,Health and Fitness,Sports",,,
practiced.casino,available,70,3%,9,"Education,Health and Fitness,Sports",,,
recumbent.casino,available,70,2%,9,"Healthcare,Medicine,Science",,,
consequent.casino,available,70,3%,10,"Business,Education,General,Technology",,,
absorbing.casino,available,70,3%,9,"Entertainment,Media,Technology",,,
unity.casino,available,70,38%,5,Mathematics,,,
admired.casino,available,70,5%,7,"Business,Education,Healthcare",,,
accumbent.casino,available,70,1%,9,"Healthcare,Medicine,Science",,,
adjusted.casino,available,70,5%,8,"Manufacturing,Retail,Technology",,,
offhand.casino,available,70,2%,7,Entertainment,,,
adored.casino,available,70,6%,6,"Entertainment,Fashion,Retail",,,
abradant.casino,available,70,1%,8,"Construction,Manufacturing",,,
gymnastic.casino,available,70,3%,9,"Entertainment,Sports",,,
stillborn.casino,available,70,2%,9,"Medicine,Science",,,
adamantine.casino,available,70,4%,10,Religion,,,
miserable.casino,available,70,4%,9,Humanities,,,
abulic.casino,available,70,1%,6,Medicine,,,
fiftieth.casino,available,68,1%,8,Mathematics,,,
octonary.casino,available,68,1%,8,Mathematics,,,
abducent.casino,available,68,0%,8,Medicine,,,
septenary.casino,available,68,2%,9,Mathematics,,,
thirtieth.casino,available,68,1%,9,Mathematics,,,
ablative.casino,available,68,3%,8,Science,,,
achaian.casino,available,68,2%,7,Humanities,,,
sevener.casino,available,68,1%,7,Mathematics,,,
ennead.casino,available,68,5%,6,Mathematics,,,
threesome.casino,available,68,5%,9,Entertainment,,,
overseas.casino,available,68,12%,8,"Hospitality,Travel",,,
aculeate.casino,available,68,1%,8,"Engineering,Medicine,Science",,,
abnaki.casino,available,68,1%,6,Geography,,,
foursome.casino,available,68,4%,8,Sports,,,
aberdonian.casino,available,68,1%,10,Geography,,,
accredited.casino,available,68,9%,10,"Business,Education,Healthcare",,,
fortieth.casino,available,68,1%,8,Mathematics,,,
decorated.casino,available,68,3%,9,"Entertainment,Fashion,Retail",,,
achaean.casino,available,68,2%,7,Humanities,,,
aroused.casino,available,68,3%,7,"Entertainment,Health and Fitness",,,
licenced.casino,available,68,2%,8,"Business,Healthcare,Insurance",,,
scurvy.casino,available,68,3%,6,Humanities,,,
vindicated.casino,available,68,2%,10,"Humanities,Law,Politics",,,
activating.casino,available,68,3%,10,"Healthcare,Manufacturing,Technology",,,
ane.casino,available,68,12%,3,Mathematics,,,
stygian.casino,available,68,5%,7,Humanities,,,
disciple.casino,available,68,14%,8,"Education,Religion",,,
abkhas.casino,available,68,0%,6,Geography,,,
acerate.casino,available,68,1%,7,Science,,,
xviii.casino,available,66,4%,5,Mathematics,,,
xvi.casino,available,66,4%,3,Mathematics,,,
adopted.casino,available,66,4%,7,"Education,Healthcare",,,
xvii.casino,available,66,5%,4,Mathematics,,,
xxii.casino,available,66,6%,4,Mathematics,,,
adorned.casino,available,66,5%,7,"Entertainment,Fashion,Retail",,,
four.casino,available,66,27%,4,Mathematics,,,
performing.casino,available,66,6%,10,Entertainment,,,
xxv.casino,available,66,6%,3,Mathematics,,,
exonerated.casino,available,66,2%,10,"Humanities,Law,Politics",,,
maven.casino,available,66,30%,5,"Entertainment,Fashion,Technology",,,
teenager.casino,available,66,4%,8,"Education,Entertainment,Healthcare",,,
onec.casino,available,66,6%,5,Mathematics,,,
xxi.casino,available,66,10%,3,Mathematics,,,
eighty.casino,available,66,6%,6,Mathematics,,,
according.casino,available,66,3%,9,"Business,Education,Technology",,,
deuce.casino,available,66,8%,5,Sports,,,
xiii.casino,available,66,9%,4,Mathematics,,,
modish.casino,available,66,5%,6,Fashion,,,
sextet.casino,available,66,2%,6,Entertainment,,,
tenner.casino,available,66,4%,6,Finance,,,
clv.casino,available,66,10%,3,Mathematics,,,
acervate.casino,available,66,1%,8,Science,,,
abstinent.casino,available,66,1%,9,"Health and Fitness,Religion",,,
ninety.casino,available,66,11%,6,Mathematics,,,
xii.casino,available,66,10%,3,Mathematics,,,
buzzing.casino,available,66,7%,7,"Entertainment,Media,Technology",,,
accessary.casino,available,66,1%,9,"Business,Law,Technology",,,
xxvi.casino,available,66,3%,4,Mathematics,,,
thirty.casino,available,66,7%,6,Mathematics,,,
century.casino,resell,66,17%,7,Education,13/03/2025 15:15,13/03/2026 15:15,"Sav.com, LLC - 28"
five.casino,sold,66,26%,4,Mathematics,04/09/2024 17:00,04/09/2026 17:00,Domain Science Kutatási Szolgáltató Korlátolt Felelősségű Társaság
acappella.casino,available,66,6%,10,Entertainment,,,
acrobatic.casino,available,66,4%,9,"Entertainment,Sports",,,
aflame.casino,available,64,3%,6,Entertainment,,,
rising.casino,available,64,18%,6,"Construction,Manufacturing,Real Estate",,,
nondrinker.casino,available,64,1%,10,"Health and Fitness,Religion",,,
absolved.casino,available,64,1%,8,"Humanities,Law,Religion",,,
accordant.casino,available,64,3%,9,"Arts,Entertainment",,,
acentric.casino,available,64,2%,8,Science,,,
scatty.casino,available,64,1%,6,"Arts,Entertainment,Media",,,
adagio.casino,available,64,14%,6,Entertainment,,,
astringent.casino,available,64,1%,10,"Healthcare,Pharmaceuticals",,,
deviant.casino,available,64,12%,7,"Medicine,Science",,,
sixteenth.casino,available,62,1%,9,Mathematics,,,
nail.casino,available,62,16%,4,"Construction,Fashion,General,Retail",,,
ensuant.casino,available,62,1%,7,"Healthcare,Insurance,Transportation",,,
activistic.casino,available,62,1%,10,"Humanities,Politics",,,
eleventh.casino,available,62,5%,8,Mathematics,,,
aufait.casino,available,62,3%,7,"Fashion,Media",,,
accrued.casino,available,62,2%,7,"Banking,Finance,Insurance",,,
twodozen.casino,available,62,1%,9,Mathematics,,,
accusing.casino,available,62,1%,8,Law,,,
admissible.casino,available,62,1%,10,"Education,Healthcare,Law",,,
acidic.casino,available,62,5%,6,"Food and Beverage,Science",,,
aborigine.casino,available,62,1%,9,Humanities,,,
longdozen.casino,available,62,1%,10,Mathematics,,,
cumulative.casino,available,62,2%,10,"Banking,Finance,Insurance",,,
roughly.casino,available,62,3%,7,"Business,Media,Technology",,,
troika.casino,available,62,8%,6,Politics,,,
activation.casino,available,62,16%,10,"Healthcare,Manufacturing,Technology",,,
exculpated.casino,available,62,1%,10,"Humanities,Law,Politics",,,
pungent.casino,available,62,1%,7,Food and Beverage,,,
orso.casino,available,62,9%,5,"Business,Media,Technology",,,
adoptive.casino,available,62,1%,8,"Education,Healthcare",,,
eighteenth.casino,available,62,1%,10,Mathematics,,,
adjuvant.casino,available,62,5%,8,"Healthcare,Manufacturing,Technology",,,
fortyfour.casino,available,62,6%,10,Mathematics,,,
wrapped.casino,available,62,13%,7,"Fashion,Hospitality,Retail",,,
chiliad.casino,available,62,2%,7,Mathematics,,,
quartet.casino,available,62,7%,7,"Arts,Entertainment",,,
playacting.casino,available,62,1%,10,Entertainment,,,
cxv.casino,available,60,4%,3,Mathematics,,,
adnate.casino,available,60,1%,6,"Agriculture,Manufacturing,Retail",,,
annexal.casino,available,60,1%,7,"Agriculture,Manufacturing,Retail",,,
cxl.casino,available,60,7%,3,Mathematics,,,
abstainer.casino,available,60,0%,9,"Health and Fitness,Religion",,,
idolised.casino,available,60,1%,8,"Entertainment,Fashion,Retail",,,
eightysix.casino,available,60,7%,10,Mathematics,,,
abstemious.casino,available,60,0%,10,"Food and Beverage,Health and Fitness,Hospitality",,,
cxxxv.casino,available,60,1%,5,Mathematics,,,
clx.casino,available,60,8%,3,Mathematics,,,
thou.casino,available,60,7%,4,Mathematics,,,
clxv.casino,available,60,1%,4,Mathematics,,,
clxxv.casino,available,60,1%,5,Mathematics,,,
idolized.casino,available,60,3%,8,"Entertainment,Fashion,Retail",,,
acceptive.casino,available,60,1%,9,"Education,Healthcare",,,
cxlv.casino,available,60,2%,4,Mathematics,,,
octet.casino,available,60,12%,5,Arts,,,
cautionary.casino,available,60,1%,10,"Business,Education,Healthcare",,,
xcl.casino,available,60,5%,3,Mathematics,,,
adnexal.casino,available,60,1%,7,"Agriculture,Manufacturing,Retail",,,
abashed.casino,available,60,1%,7,Humanities,,,
cxx.casino,available,60,9%,3,Mathematics,,,
aboveboard.casino,available,60,5%,10,"Business,Law",,,
tertiary.casino,available,60,4%,8,Education,,,
cxxv.casino,available,60,1%,4,Mathematics,,,
cxxx.casino,available,60,3%,4,Mathematics,,,
paunchy.casino,available,60,0%,7,"Health and Fitness,Medicine",,,
clxx.casino,available,60,2%,4,Mathematics,,,
clxxx.casino,available,60,1%,5,Mathematics,,,
tercet.casino,available,59,2%,6,"Arts,Entertainment,Media",,,
lxxx.casino,available,58,2%,4,Mathematics,,,
abuzz.casino,available,58,5%,5,"Entertainment,Media,Technology",,,
acetic.casino,available,58,1%,6,"Food and Beverage,Science",,,
cypher.casino,expired,58,28%,6,Mathematics,10/07/2024 04:49,10/07/2025 04:49,"Sav.com, LLC"
lxxviii.casino,available,58,1%,7,Mathematics,,,
niner.casino,available,58,5%,5,Mathematics,,,
acyclic.casino,available,58,4%,7,"Engineering,Mathematics,Science",,,
addible.casino,available,58,2%,7,"Engineering,Mathematics,Science",,,
tetrad.casino,available,58,5%,6,Mathematics,,,
justabout.casino,available,58,3%,10,"Business,Media,Technology",,,
accented.casino,available,58,3%,8,"Arts,Entertainment",,,
sextuplet.casino,available,58,1%,9,Healthcare,,,
heptad.casino,available,58,2%,6,Mathematics,,,
seventy.casino,available,58,7%,7,Mathematics,,,
hexad.casino,available,58,5%,5,Mathematics,,,
accoutred.casino,available,58,1%,9,"Fashion,Manufacturing,Retail",,,
accretive.casino,available,58,6%,9,"Banking,Finance,Insurance",,,
aucourant.casino,available,58,3%,10,"Fashion,Media",,,
ache.casino,available,58,7%,4,Healthcare,,,
adient.casino,available,58,4%,6,"Medicine,Science",,,
quintet.casino,available,58,8%,7,"Arts,Entertainment",,,
abused.casino,available,58,5%,6,"Healthcare,Law",,,
sixer.casino,available,58,5%,5,Sports,,,
octad.casino,available,58,5%,5,Mathematics,,,
fourth.casino,available,58,13%,6,Mathematics,,,
fifth.casino,available,58,12%,5,Mathematics,,,
alacarte.casino,available,58,11%,10,Food and Beverage,,,
eighter.casino,available,58,2%,7,Mathematics,,,
abridged.casino,available,58,4%,8,Media,,,
enwrapped.casino,available,58,0%,9,"Entertainment,Fashion,Media",,,
actuarial.casino,available,58,8%,9,"Finance,Insurance,Mathematics",,,
closeto.casino,available,58,3%,8,"Business,Media,Technology",,,
twelfth.casino,available,58,2%,7,Mathematics,,,
adjustive.casino,available,58,1%,9,"Manufacturing,Retail,Technology",,,
sixtyone.casino,available,58,5%,9,Mathematics,,,
offhanded.casino,available,58,1%,9,Entertainment,,,
abandoned.casino,available,58,10%,9,"Construction,Real Estate",,,
adhoc.casino,available,58,24%,6,"Business,Engineering,Technology",,,
pentad.casino,available,58,3%,6,Mathematics,,,
linear.casino,available,58,22%,6,"Engineering,Mathematics,Science",,,
centesimal.casino,available,58,1%,10,Mathematics,,,
super.casino,expiring,58,47%,5,Business,19/08/2020 08:29,19/08/2025 08:29,"Global Domains International, Inc. DBA DomainCostClub.com"
addressed.casino,available,58,3%,9,"Business,Technology,Telecommunications",,,
fourscore.casino,available,58,4%,9,Mathematics,,,
xxxiii.casino,available,56,2%,6,Mathematics,,,
lvii.casino,available,56,2%,4,Mathematics,,,
xxvii.casino,available,56,3%,5,Mathematics,,,
xlvii.casino,available,56,2%,5,Mathematics,,,
fiftynine.casino,available,56,4%,10,Mathematics,,,
admittable.casino,available,56,1%,10,"Education,Healthcare,Hospitality",,,
fiftyfive.casino,available,56,8%,10,Mathematics,,,
xlv.casino,available,56,6%,3,Mathematics,,,
xxiv.casino,available,56,5%,4,Mathematics,,,
fiftyfour.casino,available,56,4%,10,Mathematics,,,
lviii.casino,available,56,1%,5,Mathematics,,,
xliv.casino,available,56,3%,4,Mathematics,,,
xliii.casino,available,56,1%,5,Mathematics,,,
xxiii.casino,available,56,4%,5,Mathematics,,,
xlii.casino,available,56,5%,4,Mathematics,,,
lii.casino,available,56,7%,3,Mathematics,,,
halfdozen.casino,available,56,1%,10,Mathematics,,,
thirtyone.casino,available,56,4%,10,Mathematics,,,
xxxvii.casino,available,56,2%,6,Mathematics,,,
xlviii.casino,available,56,1%,6,Mathematics,,,
xxxv.casino,available,56,4%,4,Mathematics,,,
xxxiv.casino,available,56,1%,5,Mathematics,,,
fortyone.casino,available,56,5%,9,Mathematics,,,
abeyant.casino,available,56,1%,7,"Business,Law",,,
xxxi.casino,available,56,8%,4,Mathematics,,,
xxviii.casino,available,56,1%,6,Mathematics,,,
admissive.casino,available,56,1%,9,"Education,Healthcare,Hospitality",,,
fortysix.casino,available,56,4%,9,Mathematics,,,
xli.casino,available,56,5%,3,Mathematics,,,
liii.casino,available,56,4%,4,Mathematics,,,
fiftyone.casino,available,56,8%,9,Mathematics,,,
terzetto.casino,available,56,3%,8,Arts,,,
maledict.casino,available,56,1%,8,Religion,,,
xxix.casino,available,56,4%,4,Mathematics,,,
xxxviii.casino,available,56,1%,7,Mathematics,,,
fiftysix.casino,available,56,4%,9,Mathematics,,,
addled.casino,available,56,2%,6,Entertainment,,,
accoutered.casino,available,56,0%,10,"Fashion,Manufacturing,Retail",,,
appressed.casino,available,56,0%,9,"Agriculture,Manufacturing,Retail",,,
triad.casino,available,56,15%,5,Arts,,,
abdominous.casino,available,56,0%,10,"Health and Fitness,Medicine",,,
aone.casino,resell,56,15%,5,Food and Beverage,11/02/2025 15:15,11/02/2026 15:15,"Sav.com, LLC - 6"
fiftytwo.casino,available,56,6%,9,Mathematics,,,
potbellied.casino,available,56,0%,10,"Health and Fitness,Medicine",,,
xxxvi.casino,available,56,1%,5,Mathematics,,,
admittible.casino,available,56,1%,10,"Education,Healthcare,Hospitality",,,
thirtytwo.casino,available,56,4%,10,Mathematics,,,
xlvi.casino,available,56,3%,4,Mathematics,,,
ilx.casino,available,56,6%,3,Mathematics,,,
thirtysix.casino,available,56,5%,10,Mathematics,,,
lvi.casino,available,56,8%,3,Mathematics,,,
fortytwo.casino,available,56,17%,9,Mathematics,,,
fortynine.casino,available,56,3%,10,Mathematics,,,
xxxii.casino,available,56,1%,5,Mathematics,,,
adducting.casino,available,54,1%,9,"Engineering,Mathematics,Science",,,
admonitory.casino,available,54,0%,10,"Business,Education,Healthcare",,,
ternion.casino,available,54,3%,7,Mathematics,,,
adpressed.casino,available,54,0%,9,"Agriculture,Manufacturing,Retail",,,
fin.casino,available,54,30%,3,Finance,,,
abhorrent.casino,available,54,1%,9,Humanities,,,
abatable.casino,available,54,1%,8,Law,,,
quatern.casino,available,54,2%,7,Mathematics,,,
adaxial.casino,available,54,2%,7,Science,,,
actuated.casino,available,54,2%,8,"Automotive,Manufacturing,Technology",,,
unnatural.casino,available,54,4%,9,"Medicine,Science",,,
sise.casino,available,54,5%,4,Mathematics,,,
abasic.casino,available,54,1%,6,Science,,,
deserted.casino,available,54,3%,8,"Hospitality,Real Estate",,,
topnotch.casino,expired,54,18%,8,Business,21/06/2024 10:13,21/06/2025 10:13,"NameCheap, Inc."
quintuplet.casino,available,54,1%,10,"Healthcare,Medicine,Science",,,
deuceace.casino,available,54,1%,9,Sports,,,
aboral.casino,available,54,2%,6,Science,,,
quaternity.casino,available,54,4%,10,Mathematics,,,
adducent.casino,available,54,1%,8,"Engineering,Mathematics,Science",,,
abducens.casino,available,54,1%,8,Medicine,,,
twoscore.casino,available,54,2%,8,Mathematics,,,
achromatic.casino,available,54,4%,10,Science,,,
abaxial.casino,available,54,1%,7,Science,,,
achy.casino,available,54,3%,4,Healthcare,,,
accentual.casino,available,54,3%,9,"Arts,Entertainment",,,
viii.casino,available,54,6%,4,Mathematics,,,
scratchy.casino,available,54,3%,8,Fashion,,,
accursed.casino,available,54,3%,8,"Entertainment,Media,Religion",,,
monitory.casino,available,54,3%,8,"Business,Education,Healthcare",,,
vii.casino,available,54,13%,3,Mathematics,,,
fortyfive.casino,available,54,5%,10,Mathematics,,,
quaternion.casino,available,54,6%,10,Mathematics,,,
threescore.casino,available,54,2%,10,Mathematics,,,
adjuratory.casino,available,54,0%,10,"Law,Politics,Religion",,,
adductive.casino,available,54,0%,9,"Engineering,Mathematics,Science",,,
quadruplet.casino,available,54,1%,10,"Healthcare,Medicine,Science",,,
acoustical.casino,available,54,4%,10,Science,,,
abient.casino,available,54,1%,6,Science,,,
abatic.casino,available,54,1%,6,Science,,,
septet.casino,available,53,1%,6,General,,,
sestet.casino,available,53,1%,6,Arts,,,
xciii.casino,available,52,1%,5,Mathematics,,,
lxvii.casino,available,52,1%,5,Mathematics,,,
uphill.casino,available,52,7%,6,"Sports,Transportation,Travel",,,
lxxv.casino,available,52,2%,4,Mathematics,,,
detestable.casino,available,52,1%,10,Humanities,,,
sixtyfour.casino,available,52,4%,10,Mathematics,,,
eightyone.casino,available,52,3%,10,Mathematics,,,
lxxxi.casino,available,52,1%,5,Mathematics,,,
repulsive.casino,available,52,1%,9,Humanities,,,
ixc.casino,available,52,5%,3,Mathematics,,,
xci.casino,available,52,4%,3,Mathematics,,,
lxxxvi.casino,available,52,1%,6,Mathematics,,,
aboulic.casino,available,52,1%,7,Medicine,,,
ixl.casino,available,52,9%,3,Mathematics,,,
ninetytwo.casino,available,52,4%,10,Mathematics,,,
adenoidal.casino,available,52,1%,9,"Health and Fitness,Medicine,Science",,,
lxxiii.casino,available,52,2%,6,Mathematics,,,
xcvi.casino,available,52,2%,4,Mathematics,,,
lxxxvii.casino,available,52,1%,7,Mathematics,,,
lxxxii.casino,available,52,1%,6,Mathematics,,,
lxiii.casino,available,52,2%,5,Mathematics,,,
eightytwo.casino,available,52,4%,10,Mathematics,,,
ablated.casino,available,52,1%,7,Science,,,
lxi.casino,available,52,5%,3,Mathematics,,,
lxxvii.casino,available,52,2%,6,Mathematics,,,
repugnant.casino,available,52,1%,9,Humanities,,,
tierce.casino,available,52,3%,6,General,,,
xcviii.casino,available,52,1%,6,Mathematics,,,
abysmal.casino,available,52,4%,7,"Arts,Entertainment,Media",,,
lxxi.casino,available,52,2%,4,Mathematics,,,
lxii.casino,available,52,2%,4,Mathematics,,,
sixtyfive.casino,available,52,3%,10,Mathematics,,,
xciv.casino,available,52,2%,4,Mathematics,,,
lxxxiii.casino,available,52,1%,7,Mathematics,,,
littlejoe.casino,available,52,2%,10,"Entertainment,Media",,,
lxviii.casino,available,52,2%,6,Mathematics,,,
lxv.casino,available,52,5%,3,Mathematics,,,
lxxxv.casino,available,52,1%,5,Mathematics,,,
lxiv.casino,available,52,3%,4,Mathematics,,,
abominable.casino,available,52,2%,10,"Entertainment,Humanities",,,
lxxxiv.casino,available,52,1%,6,Mathematics,,,
ninetysix.casino,available,52,4%,10,Mathematics,,,
lxxiv.casino,available,52,1%,5,Mathematics,,,
odious.casino,available,52,2%,6,"Entertainment,Humanities",,,
ninetyone.casino,available,52,5%,10,Mathematics,,,
abstruse.casino,available,52,5%,8,"Humanities,Mathematics,Science",,,
xcii.casino,available,52,2%,4,Mathematics,,,
xcv.casino,available,52,7%,3,Mathematics,,,
sixtysix.casino,available,52,5%,9,Mathematics,,,
sixtytwo.casino,available,52,3%,9,Mathematics,,,
xcvii.casino,available,52,1%,5,Mathematics,,,
decumbent.casino,available,52,1%,9,"Healthcare,Medicine,Science",,,
lxxii.casino,available,52,1%,5,Mathematics,,,
abusive.casino,available,52,3%,7,"Healthcare,Law",,,
lxxvi.casino,available,52,1%,5,Mathematics,,,
lxvi.casino,available,52,3%,4,Mathematics,,,
chagrined.casino,available,52,1%,9,Humanities,,,
trine.casino,available,50,11%,5,"General,Religion",,,
acellular.casino,available,50,1%,9,Science,,,
adhominem.casino,available,50,2%,10,"Humanities,Law,Politics",,,
abbatial.casino,available,50,0%,8,Religion,,,
abdicable.casino,available,50,0%,9,Law,,,
scummy.casino,available,50,1%,6,Humanities,,,
triplet.casino,available,50,8%,7,Science,,,
quint.casino,available,50,13%,5,"Arts,Entertainment",,,
acerose.casino,available,50,1%,7,Science,,,
ogdoad.casino,available,50,1%,6,Mathematics,,,
spinous.casino,available,50,1%,7,"Agriculture,Science",,,
lxx.casino,available,50,5%,3,Mathematics,,,
cinque.casino,available,50,7%,6,Mathematics,,,
acquitted.casino,available,50,1%,9,Law,,,
acapnotic.casino,available,50,0%,9,"Healthcare,Medicine,Science",,,
acetose.casino,available,50,1%,7,Science,,,
aculeated.casino,available,50,0%,9,"Engineering,Medicine,Science",,,
aborticide.casino,available,50,0%,10,Medicine,,,
adactylous.casino,available,50,0%,10,Science,,,
abducting.casino,available,50,0%,9,Medicine,,,
acetous.casino,available,50,1%,7,Science,,,
broached.casino,available,50,0%,8,Food and Beverage,,,
needlelike.casino,available,50,0%,10,"Engineering,Medicine,Science",,,
abomasal.casino,available,50,0%,8,Agriculture,,,
gillless.casino,available,50,0%,9,Science,,,
abactinal.casino,available,50,0%,9,Science,,,
vinegary.casino,available,50,1%,8,Food and Beverage,,,
acapnic.casino,available,50,0%,7,"Healthcare,Medicine,Science",,,
abranchial.casino,available,50,0%,10,Science,,,
acerb.casino,available,50,2%,5,Science,,,
acerbic.casino,available,50,2%,7,"Arts,Humanities,Media",,,
acaudal.casino,available,50,1%,7,"Agriculture,Science",,,
notguilty.casino,available,48,5%,10,Law,,,
ilxxx.casino,available,48,1%,5,Mathematics,,,
execrable.casino,available,48,0%,9,"Entertainment,Humanities",,,
apriori.casino,available,48,13%,8,Mathematics,,,
ilxx.casino,available,48,1%,4,Mathematics,,,
abstracted.casino,available,48,5%,10,"Arts,Humanities,Science",,,
lxxxviii.casino,available,48,1%,8,Mathematics,,,
abyssal.casino,available,48,12%,7,"Arts,Entertainment,Media",,,
acetylic.casino,available,46,1%,8,Science,,,
stemless.casino,available,46,2%,8,"Agriculture,Science",,,
acanthoid.casino,available,46,1%,9,"Agriculture,Science",,,
achromic.casino,available,46,2%,8,Science,,,
acheronian.casino,available,46,1%,10,Humanities,,,
acanthotic.casino,available,46,0%,10,"Agriculture,Science",,,
acephalous.casino,available,46,1%,10,Science,,,
theabsurd.casino,available,46,1%,10,"Arts,Entertainment,Media",,,
acaudate.casino,available,46,1%,8,"Agriculture,Science",,,
acapnial.casino,available,46,0%,8,"Healthcare,Medicine,Science",,,
achromous.casino,available,46,1%,9,Science,,,
acanthous.casino,available,46,0%,9,"Agriculture,Science",,,
acarpelous.casino,available,46,0%,10,"Agriculture,Science",,,
achenial.casino,available,46,1%,8,Science,,,
acarpous.casino,available,46,0%,8,"Agriculture,Science",,,
acetabular.casino,available,46,1%,10,Science,,,
vinegarish.casino,available,46,1%,10,Food and Beverage,,,
quaternary.casino,available,46,3%,10,Mathematics,,,
acicular.casino,available,46,2%,8,Science,,,
cotyloid.casino,available,46,1%,8,Science,,,
acetylenic.casino,available,46,1%,10,Science,,,
stripling.casino,available,46,2%,9,"Education,Entertainment,Healthcare",,,
acetonic.casino,available,46,1%,8,Science,,,
cotyloidal.casino,available,44,1%,10,Science,,,
accusatory.casino,available,44,1%,10,Law,,,
acherontic.casino,available,44,1%,10,Humanities,,,
phoebe.casino,available,41,14%,6,Science,,,
abscessed.casino,available,41,0%,9,Healthcare,,,
scurrilous.casino,available,40,1%,10,"Entertainment,Media,Politics",,,
accurst.casino,available,40,1%,7,Religion,,,
accusive.casino,available,40,1%,8,Law,,,